<?xml version="1.0" encoding="UTF-8"?>
<!-- <!DOCTYPE hibernate-configuration PUBLIC "-//Hibernate/Hibernate Configuration DTD 3.0//EN" "http://hibernate.sourceforge.net/hibernate-configuration-3.0.dtd"> -->
<!DOCTYPE hibernate-configuration PUBLIC "-//Hibernate/Hibernate Configuration DTD 3.0//EN" "http://www.hibernate.org/dtd/hibernate-configuration">

<hibernate-configuration>
  <session-factory>
    <property name="hibernate.dialect">org.hibernate.dialect.PostgreSQLDialect</property>
    <property name="hibernate.connection.driver_class">org.postgresql.Driver</property>
    <property name="hibernate.connection.url">jdbc:postgresql://127.0.0.1:5432/entregaRapida</property>
    <property name="hibernate.connection.username">postgres</property>
    <property name="hibernate.connection.password">123</property>

    <property name="hibernate.show_sql">true</property>
    <property name="hibernate.format_sql">true</property>

    <property name="hibernate.hbm2ddl.auto">validate</property>

    <mapping class="domain.Carrinho"></mapping>
    <mapping class="domain.Endereco"></mapping>
    <mapping class="domain.Loja"></mapping>
    <mapping class="domain.Produto"></mapping>
    <mapping class="domain.ProdutoCarrinho"></mapping>
    <mapping class="domain.Usuario"></mapping>

  </session-factory>
</hibernate-configuration>